image_path,split,group,student_id,aug_type,gt_path,gt_exists,mean_field_cer,field_accuracy,page_cer,page_wer
images/original/th/71010001.png,original,th,71010001,none,ground_truth/th/Json_71010001_th.json,True,0.770951536643026,0.125,1.1082621082621082,1.4533333333333334
images/augmented/th/71010001_aug1_rotate_bright.png,augmented,th,71010001,rotate_bright,ground_truth/th/Json_71010001_th.json,True,0.770951536643026,0.125,1.1339031339031338,1.6933333333333334
images/augmented/th/71010001_aug2_noise.png,augmented,th,71010001,noise,ground_truth/th/Json_71010001_th.json,True,0.7834515366430259,0.125,1.121082621082621,1.4133333333333333
images/augmented/th/71010001_aug3_blur_contrast.png,augmented,th,71010001,blur_contrast,ground_truth/th/Json_71010001_th.json,True,0.7834515366430259,0.125,1.084045584045584,1.4133333333333333
images/augmented/th/71010001_aug4_perspective.png,augmented,th,71010001,perspective,ground_truth/th/Json_71010001_th.json,True,0.770951536643026,0.125,1.1139601139601139,1.7066666666666668
images/augmented/th/71010001_aug5_jpeg_dark.png,augmented,th,71010001,jpeg_dark,ground_truth/th/Json_71010001_th.json,True,0.770951536643026,0.125,1.1339031339031338,1.4933333333333334
images/original/th/71010005.png,original,th,71010005,none,ground_truth/th/Json_71010005_th.json,True,0.7653959810874704,0.125,1.1209213051823417,1.702127659574468
images/augmented/th/71010005_aug1_rotate_bright.png,augmented,th,71010005,rotate_bright,ground_truth/th/Json_71010005_th.json,True,0.7653959810874704,0.125,1.2149712092130518,2.148936170212766
images/augmented/th/71010005_aug2_noise.png,augmented,th,71010005,noise,ground_truth/th/Json_71010005_th.json,True,0.7653959810874704,0.125,1.1535508637236085,1.8085106382978724
images/augmented/th/71010005_aug3_blur_contrast.png,augmented,th,71010005,blur_contrast,ground_truth/th/Json_71010005_th.json,True,0.7653959810874704,0.125,1.128598848368522,1.7872340425531914
images/augmented/th/71010005_aug4_perspective.png,augmented,th,71010005,perspective,ground_truth/th/Json_71010005_th.json,True,0.7653959810874704,0.125,1.2053742802303262,1.9361702127659575
images/augmented/th/71010005_aug5_jpeg_dark.png,augmented,th,71010005,jpeg_dark,ground_truth/th/Json_71010005_th.json,True,0.7653959810874704,0.125,1.1746641074856046,1.7659574468085106
images/original/th/71010009.png,original,th,71010009,none,ground_truth/th/Json_71010009_th.json,True,0.7680555555555556,0.125,1.0312243221035333,1.080906148867314
images/augmented/th/71010009_aug1_rotate_bright.png,augmented,th,71010009,rotate_bright,ground_truth/th/Json_71010009_th.json,True,0.7680555555555556,0.125,1.0123253903040264,1.0938511326860842
images/augmented/th/71010009_aug2_noise.png,augmented,th,71010009,noise,ground_truth/th/Json_71010009_th.json,True,0.7805555555555556,0.125,1.022596548890715,1.0938511326860842
images/augmented/th/71010009_aug3_blur_contrast.png,augmented,th,71010009,blur_contrast,ground_truth/th/Json_71010009_th.json,True,0.7805555555555556,0.125,0.985620377978636,1.1262135922330097
images/augmented/th/71010009_aug4_perspective.png,augmented,th,71010009,perspective,ground_truth/th/Json_71010009_th.json,True,0.7680555555555556,0.125,0.9934264585045193,1.035598705501618
images/augmented/th/71010009_aug5_jpeg_dark.png,augmented,th,71010009,jpeg_dark,ground_truth/th/Json_71010009_th.json,True,0.7680555555555556,0.125,1.0086277732128184,1.051779935275081
images/original/th/71010013.png,original,th,71010013,none,ground_truth/th/Json_71010013_th.json,True,0.7348404255319149,0.125,1.0892116182572613,1.2151898734177216
images/augmented/th/71010013_aug1_rotate_bright.png,augmented,th,71010013,rotate_bright,ground_truth/th/Json_71010013_th.json,True,0.7410904255319148,0.125,1.071058091286307,1.4050632911392404
images/augmented/th/71010013_aug2_noise.png,augmented,th,71010013,noise,ground_truth/th/Json_71010013_th.json,True,0.7410904255319148,0.125,1.0487551867219918,1.1729957805907174
images/augmented/th/71010013_aug3_blur_contrast.png,augmented,th,71010013,blur_contrast,ground_truth/th/Json_71010013_th.json,True,0.7348404255319149,0.125,0.9766597510373444,1.2151898734177216
images/augmented/th/71010013_aug4_perspective.png,augmented,th,71010013,perspective,ground_truth/th/Json_71010013_th.json,True,0.7848404255319148,0.0,1.0554979253112033,1.2911392405063291
images/augmented/th/71010013_aug5_jpeg_dark.png,augmented,th,71010013,jpeg_dark,ground_truth/th/Json_71010013_th.json,True,0.7535904255319148,0.125,1.099585062240664,1.3037974683544304
images/original/th/71020001.png,original,th,71020001,none,ground_truth/th/Json_71020001_th.json,True,0.7796875,0.125,1.075242718446602,1.1319148936170214
images/augmented/th/71020001_aug1_rotate_bright.png,augmented,th,71020001,rotate_bright,ground_truth/th/Json_71020001_th.json,True,0.78359375,0.125,1.0432038834951456,1.1531914893617021
images/augmented/th/71020001_aug2_noise.png,augmented,th,71020001,noise,ground_truth/th/Json_71020001_th.json,True,0.78359375,0.125,1.0509708737864079,1.2
images/augmented/th/71020001_aug3_blur_contrast.png,augmented,th,71020001,blur_contrast,ground_truth/th/Json_71020001_th.json,True,0.7921875,0.125,0.9655339805825243,1.2297872340425533
images/augmented/th/71020001_aug4_perspective.png,augmented,th,71020001,perspective,ground_truth/th/Json_71020001_th.json,True,0.7921875,0.125,1.0203883495145631,1.097872340425532
images/augmented/th/71020001_aug5_jpeg_dark.png,augmented,th,71020001,jpeg_dark,ground_truth/th/Json_71020001_th.json,True,0.7921875,0.125,1.075728155339806,1.1787234042553192
images/original/th/71020005.png,original,th,71020005,none,ground_truth/th/Json_71020005_th.json,True,0.78359375,0.125,1.1199376947040498,1.5454545454545454
images/augmented/th/71020005_aug1_rotate_bright.png,augmented,th,71020005,rotate_bright,ground_truth/th/Json_71020005_th.json,True,0.7921875,0.125,1.14797507788162,1.7454545454545454
images/augmented/th/71020005_aug2_noise.png,augmented,th,71020005,noise,ground_truth/th/Json_71020005_th.json,True,0.7921875,0.125,1.1433021806853583,1.7272727272727273
images/augmented/th/71020005_aug3_blur_contrast.png,augmented,th,71020005,blur_contrast,ground_truth/th/Json_71020005_th.json,True,0.80859375,0.125,1.0841121495327102,1.4
images/augmented/th/71020005_aug4_perspective.png,augmented,th,71020005,perspective,ground_truth/th/Json_71020005_th.json,True,0.79609375,0.125,1.146417445482866,1.6
images/augmented/th/71020005_aug5_jpeg_dark.png,augmented,th,71020005,jpeg_dark,ground_truth/th/Json_71020005_th.json,True,0.80859375,0.125,1.1573208722741433,1.690909090909091
images/original/th/71020009.png,original,th,71020009,none,ground_truth/th/Json_71020009_th.json,True,0.78359375,0.125,1.0891536565324569,1.1830065359477124
images/augmented/th/71020009_aug1_rotate_bright.png,augmented,th,71020009,rotate_bright,ground_truth/th/Json_71020009_th.json,True,0.78359375,0.125,1.0435497124075597,1.2320261437908497
images/augmented/th/71020009_aug2_noise.png,augmented,th,71020009,noise,ground_truth/th/Json_71020009_th.json,True,0.78359375,0.125,1.0768282662284305,1.1862745098039216
images/augmented/th/71020009_aug3_blur_contrast.png,augmented,th,71020009,blur_contrast,ground_truth/th/Json_71020009_th.json,True,0.77109375,0.125,1.0402629416598193,1.0816993464052287
images/augmented/th/71020009_aug4_perspective.png,augmented,th,71020009,perspective,ground_truth/th/Json_71020009_th.json,True,0.74609375,0.125,1.0439605587510272,1.1928104575163399
images/augmented/th/71020009_aug5_jpeg_dark.png,augmented,th,71020009,jpeg_dark,ground_truth/th/Json_71020009_th.json,True,0.77109375,0.125,1.115036976170912,1.2712418300653594
images/original/th/71020013.png,original,th,71020013,none,ground_truth/th/Json_71020013_th.json,True,0.7801470588235294,0.125,1.082819383259912,1.3376068376068375
images/augmented/th/71020013_aug1_rotate_bright.png,augmented,th,71020013,rotate_bright,ground_truth/th/Json_71020013_th.json,True,0.7676470588235295,0.125,1.0374449339207048,1.3504273504273505
images/augmented/th/71020013_aug2_noise.png,augmented,th,71020013,noise,ground_truth/th/Json_71020013_th.json,True,0.7801470588235294,0.125,1.0691629955947137,1.2692307692307692
images/augmented/th/71020013_aug3_blur_contrast.png,augmented,th,71020013,blur_contrast,ground_truth/th/Json_71020013_th.json,True,0.7801470588235294,0.125,0.9859030837004406,1.3504273504273505
images/augmented/th/71020013_aug4_perspective.png,augmented,th,71020013,perspective,ground_truth/th/Json_71020013_th.json,True,0.7801470588235294,0.125,1.066079295154185,1.2820512820512822
images/augmented/th/71020013_aug5_jpeg_dark.png,augmented,th,71020013,jpeg_dark,ground_truth/th/Json_71020013_th.json,True,0.7801470588235294,0.125,1.0911894273127754,1.3888888888888888
images/original/th/71030001.png,original,th,71030001,none,ground_truth/th/Json_71030001_th.json,True,0.7678571428571429,0.125,1.047741935483871,1.0476190476190477
images/augmented/th/71030001_aug1_rotate_bright.png,augmented,th,71030001,rotate_bright,ground_truth/th/Json_71030001_th.json,True,0.7678571428571429,0.125,1.0425806451612902,1.0272108843537415
images/augmented/th/71030001_aug2_noise.png,augmented,th,71030001,noise,ground_truth/th/Json_71030001_th.json,True,0.7678571428571429,0.125,1.0529032258064517,1.0680272108843538
images/augmented/th/71030001_aug3_blur_contrast.png,augmented,th,71030001,blur_contrast,ground_truth/th/Json_71030001_th.json,True,0.7714285714285715,0.125,1.0412903225806451,1.1088435374149659
images/augmented/th/71030001_aug4_perspective.png,augmented,th,71030001,perspective,ground_truth/th/Json_71030001_th.json,True,0.7678571428571429,0.125,1.0638709677419356,1.1700680272108843
images/augmented/th/71030001_aug5_jpeg_dark.png,augmented,th,71030001,jpeg_dark,ground_truth/th/Json_71030001_th.json,True,0.7714285714285715,0.125,1.0741935483870968,1.2448979591836735
images/original/th/71030005.png,original,th,71030005,none,ground_truth/th/Json_71030005_th.json,True,0.7839285714285714,0.125,1.1388429752066116,1.607843137254902
images/augmented/th/71030005_aug1_rotate_bright.png,augmented,th,71030005,rotate_bright,ground_truth/th/Json_71030005_th.json,True,0.7839285714285714,0.125,1.0826446280991735,1.6666666666666667
images/augmented/th/71030005_aug2_noise.png,augmented,th,71030005,noise,ground_truth/th/Json_71030005_th.json,True,0.7714285714285715,0.125,1.1603305785123967,1.6274509803921569
images/augmented/th/71030005_aug3_blur_contrast.png,augmented,th,71030005,blur_contrast,ground_truth/th/Json_71030005_th.json,True,0.7839285714285714,0.125,1.1090909090909091,1.5490196078431373
images/augmented/th/71030005_aug4_perspective.png,augmented,th,71030005,perspective,ground_truth/th/Json_71030005_th.json,True,0.7839285714285714,0.125,1.1024793388429752,1.7450980392156863
images/augmented/th/71030005_aug5_jpeg_dark.png,augmented,th,71030005,jpeg_dark,ground_truth/th/Json_71030005_th.json,True,0.7839285714285714,0.125,1.1867768595041321,1.7450980392156863
images/original/th/71030009.png,original,th,71030009,none,ground_truth/th/Json_71030009_th.json,True,0.7464285714285714,0.125,1.1229759299781181,1.306338028169014
images/augmented/th/71030009_aug1_rotate_bright.png,augmented,th,71030009,rotate_bright,ground_truth/th/Json_71030009_th.json,True,0.7464285714285714,0.125,1.0774617067833698,1.1690140845070423
images/augmented/th/71030009_aug2_noise.png,augmented,th,71030009,noise,ground_truth/th/Json_71030009_th.json,True,0.7464285714285714,0.125,1.087964989059081,1.147887323943662
images/augmented/th/71030009_aug3_blur_contrast.png,augmented,th,71030009,blur_contrast,ground_truth/th/Json_71030009_th.json,True,0.7464285714285714,0.125,0.9444201312910284,0.9753521126760564
images/augmented/th/71030009_aug4_perspective.png,augmented,th,71030009,perspective,ground_truth/th/Json_71030009_th.json,True,0.7464285714285714,0.125,1.049015317286652,1.1126760563380282
images/augmented/th/71030009_aug5_jpeg_dark.png,augmented,th,71030009,jpeg_dark,ground_truth/th/Json_71030009_th.json,True,0.7464285714285714,0.125,1.1238512035010941,1.341549295774648
images/original/th/71030013.png,original,th,71030013,none,ground_truth/th/Json_71030013_th.json,True,0.7648648648648648,0.125,1.052734375,1.0616438356164384
images/augmented/th/71030013_aug1_rotate_bright.png,augmented,th,71030013,rotate_bright,ground_truth/th/Json_71030013_th.json,True,0.7682432432432433,0.125,1.0384114583333333,1.2534246575342465
images/augmented/th/71030013_aug2_noise.png,augmented,th,71030013,noise,ground_truth/th/Json_71030013_th.json,True,0.7682432432432433,0.125,1.080078125,1.2465753424657535
images/augmented/th/71030013_aug3_blur_contrast.png,augmented,th,71030013,blur_contrast,ground_truth/th/Json_71030013_th.json,True,0.8091216216216216,0.125,0.9680989583333334,1.8287671232876712
images/augmented/th/71030013_aug4_perspective.png,augmented,th,71030013,perspective,ground_truth/th/Json_71030013_th.json,True,0.7773648648648648,0.125,1.0299479166666667,1.1164383561643836
images/augmented/th/71030013_aug5_jpeg_dark.png,augmented,th,71030013,jpeg_dark,ground_truth/th/Json_71030013_th.json,True,0.7682432432432433,0.125,1.0807291666666667,1.2876712328767124
images/original/th/72100002.png,original,th,72100002,none,ground_truth/th/Json_72100002_en.json,True,0.1375,0.75,0.5075528700906344,2.5762711864406778
images/augmented/th/72100002_aug1_rotate_bright.png,augmented,th,72100002,rotate_bright,ground_truth/th/Json_72100002_en.json,True,0.1375,0.75,0.56797583081571,2.5762711864406778
images/augmented/th/72100002_aug2_noise.png,augmented,th,72100002,noise,ground_truth/th/Json_72100002_en.json,True,0.1375,0.75,0.5090634441087614,2.542372881355932
images/augmented/th/72100002_aug3_blur_contrast.png,augmented,th,72100002,blur_contrast,ground_truth/th/Json_72100002_en.json,True,0.1375,0.75,0.49244712990936557,2.440677966101695
images/augmented/th/72100002_aug4_perspective.png,augmented,th,72100002,perspective,ground_truth/th/Json_72100002_en.json,True,0.1375,0.75,0.5120845921450151,2.406779661016949
images/augmented/th/72100002_aug5_jpeg_dark.png,augmented,th,72100002,jpeg_dark,ground_truth/th/Json_72100002_en.json,True,0.1375,0.75,0.5181268882175226,2.559322033898305
images/original/th/72100006.png,original,th,72100006,none,ground_truth/th/Json_72100006_en.json,True,0.1375,0.75,0.5637931034482758,2.7254901960784315
images/augmented/th/72100006_aug1_rotate_bright.png,augmented,th,72100006,rotate_bright,ground_truth/th/Json_72100006_en.json,True,0.1375,0.75,0.55,2.7058823529411766
images/augmented/th/72100006_aug2_noise.png,augmented,th,72100006,noise,ground_truth/th/Json_72100006_en.json,True,0.1375,0.75,0.4879310344827586,2.4901960784313726
images/augmented/th/72100006_aug3_blur_contrast.png,augmented,th,72100006,blur_contrast,ground_truth/th/Json_72100006_en.json,True,0.1375,0.75,0.5517241379310345,2.549019607843137
images/augmented/th/72100006_aug4_perspective.png,augmented,th,72100006,perspective,ground_truth/th/Json_72100006_en.json,True,0.1375,0.75,0.5620689655172414,2.627450980392157
images/augmented/th/72100006_aug5_jpeg_dark.png,augmented,th,72100006,jpeg_dark,ground_truth/th/Json_72100006_en.json,True,0.1375,0.75,0.4862068965517241,2.411764705882353
images/original/th/72100009.png,original,th,72100009,none,ground_truth/th/Json_72100009_en.json,True,0.1375,0.75,0.7257510729613734,1.5583941605839415
images/augmented/th/72100009_aug1_rotate_bright.png,augmented,th,72100009,rotate_bright,ground_truth/th/Json_72100009_en.json,True,0.1375,0.75,0.7167381974248928,1.4744525547445255
images/augmented/th/72100009_aug2_noise.png,augmented,th,72100009,noise,ground_truth/th/Json_72100009_en.json,True,0.1375,0.75,0.7283261802575107,1.5401459854014599
images/augmented/th/72100009_aug3_blur_contrast.png,augmented,th,72100009,blur_contrast,ground_truth/th/Json_72100009_en.json,True,0.1375,0.75,0.7051502145922747,1.4817518248175183
images/augmented/th/72100009_aug4_perspective.png,augmented,th,72100009,perspective,ground_truth/th/Json_72100009_en.json,True,0.15,0.75,0.7549356223175966,1.5401459854014599
images/augmented/th/72100009_aug5_jpeg_dark.png,augmented,th,72100009,jpeg_dark,ground_truth/th/Json_72100009_en.json,True,0.15675675675675677,0.75,0.7317596566523605,1.5693430656934306
images/original/th/72100013.png,original,th,72100013,none,ground_truth/th/Json_72100013_en.json,True,0.125,0.75,0.6760626398210291,1.625984251968504
images/augmented/th/72100013_aug1_rotate_bright.png,augmented,th,72100013,rotate_bright,ground_truth/th/Json_72100013_en.json,True,0.14711538461538462,0.75,0.7548098434004474,1.641732283464567
images/augmented/th/72100013_aug2_noise.png,augmented,th,72100013,noise,ground_truth/th/Json_72100013_en.json,True,0.125,0.75,0.676510067114094,1.610236220472441
images/augmented/th/72100013_aug3_blur_contrast.png,augmented,th,72100013,blur_contrast,ground_truth/th/Json_72100013_en.json,True,0.1346153846153846,0.75,0.6442953020134228,1.484251968503937
images/augmented/th/72100013_aug4_perspective.png,augmented,th,72100013,perspective,ground_truth/th/Json_72100013_en.json,True,0.125,0.75,0.69082774049217,1.578740157480315
images/augmented/th/72100013_aug5_jpeg_dark.png,augmented,th,72100013,jpeg_dark,ground_truth/th/Json_72100013_en.json,True,0.1346153846153846,0.75,0.6823266219239373,1.5984251968503937
images/original/th/72110002.png,original,th,72110002,none,ground_truth/th/Json_72110002_en.json,True,0.1375,0.75,0.39664218258132217,2.010752688172043
images/augmented/th/72110002_aug1_rotate_bright.png,augmented,th,72110002,rotate_bright,ground_truth/th/Json_72110002_en.json,True,0.1375,0.75,0.4858342077649528,2.0
images/augmented/th/72110002_aug2_noise.png,augmented,th,72110002,noise,ground_truth/th/Json_72110002_en.json,True,0.1375,0.75,0.3987408184679958,2.032258064516129
images/augmented/th/72110002_aug3_blur_contrast.png,augmented,th,72110002,blur_contrast,ground_truth/th/Json_72110002_en.json,True,0.1375,0.75,0.35571878279118574,1.8279569892473118
images/augmented/th/72110002_aug4_perspective.png,augmented,th,72110002,perspective,ground_truth/th/Json_72110002_en.json,True,0.1375,0.75,0.459601259181532,1.978494623655914
images/augmented/th/72110002_aug5_jpeg_dark.png,augmented,th,72110002,jpeg_dark,ground_truth/th/Json_72110002_en.json,True,0.14444444444444446,0.75,0.39979013641133265,1.946236559139785
images/original/th/72110006.png,original,th,72110006,none,ground_truth/th/Json_72110006_en.json,True,0.1375,0.75,0.5385826771653544,2.6545454545454548
images/augmented/th/72110006_aug1_rotate_bright.png,augmented,th,72110006,rotate_bright,ground_truth/th/Json_72110006_en.json,True,0.1375,0.75,0.47401574803149604,2.4
images/augmented/th/72110006_aug2_noise.png,augmented,th,72110006,noise,ground_truth/th/Json_72110006_en.json,True,0.1375,0.75,0.5401574803149606,2.6363636363636362
images/augmented/th/72110006_aug3_blur_contrast.png,augmented,th,72110006,blur_contrast,ground_truth/th/Json_72110006_en.json,True,0.1375,0.75,0.48976377952755906,2.4909090909090907
images/augmented/th/72110006_aug4_perspective.png,augmented,th,72110006,perspective,ground_truth/th/Json_72110006_en.json,True,0.1375,0.75,0.552755905511811,2.5454545454545454
images/augmented/th/72110006_aug5_jpeg_dark.png,augmented,th,72110006,jpeg_dark,ground_truth/th/Json_72110006_en.json,True,0.1375,0.75,0.47874015748031495,2.4363636363636365
images/original/th/72110012.png,original,th,72110012,none,ground_truth/th/Json_72110012_en.json,True,0.13486842105263158,0.75,0.7481641468682505,1.5503597122302157
images/augmented/th/72110012_aug1_rotate_bright.png,augmented,th,72110012,rotate_bright,ground_truth/th/Json_72110012_en.json,True,0.1375,0.75,0.7650107991360691,1.5719424460431655
images/augmented/th/72110012_aug2_noise.png,augmented,th,72110012,noise,ground_truth/th/Json_72110012_en.json,True,0.12828947368421054,0.75,0.7373650107991361,1.5035971223021583
images/augmented/th/72110012_aug3_blur_contrast.png,augmented,th,72110012,blur_contrast,ground_truth/th/Json_72110012_en.json,True,0.13486842105263158,0.75,0.7114470842332613,1.4784172661870503
images/augmented/th/72110012_aug4_perspective.png,augmented,th,72110012,perspective,ground_truth/th/Json_72110012_en.json,True,0.13486842105263158,0.75,0.7680345572354211,1.5827338129496402
images/augmented/th/72110012_aug5_jpeg_dark.png,augmented,th,72110012,jpeg_dark,ground_truth/th/Json_72110012_en.json,True,0.12828947368421054,0.75,0.7464362850971922,1.4820143884892085
images/original/th/72120002.png,original,th,72120002,none,ground_truth/th/Json_72120002_en.json,True,0.15,0.75,0.4794520547945205,2.52
images/augmented/th/72120002_aug1_rotate_bright.png,augmented,th,72120002,rotate_bright,ground_truth/th/Json_72120002_en.json,True,0.15,0.75,0.4669987546699875,2.4
images/augmented/th/72120002_aug2_noise.png,augmented,th,72120002,noise,ground_truth/th/Json_72120002_en.json,True,0.15,0.75,0.4669987546699875,2.28
images/augmented/th/72120002_aug3_blur_contrast.png,augmented,th,72120002,blur_contrast,ground_truth/th/Json_72120002_en.json,True,0.15,0.75,0.47696139476961397,2.2266666666666666
images/augmented/th/72120002_aug4_perspective.png,augmented,th,72120002,perspective,ground_truth/th/Json_72120002_en.json,True,0.15,0.75,0.5616438356164384,2.2666666666666666
images/augmented/th/72120002_aug5_jpeg_dark.png,augmented,th,72120002,jpeg_dark,ground_truth/th/Json_72120002_en.json,True,0.15,0.75,0.47198007471980075,2.28
images/original/th/72120006.png,original,th,72120006,none,ground_truth/th/Json_72120006_en.json,True,0.15,0.75,0.5469798657718121,3.0425531914893615
images/augmented/th/72120006_aug1_rotate_bright.png,augmented,th,72120006,rotate_bright,ground_truth/th/Json_72120006_en.json,True,0.15,0.75,0.5134228187919463,2.9361702127659575
images/augmented/th/72120006_aug2_noise.png,augmented,th,72120006,noise,ground_truth/th/Json_72120006_en.json,True,0.15,0.75,0.5436241610738255,2.9574468085106385
images/augmented/th/72120006_aug3_blur_contrast.png,augmented,th,72120006,blur_contrast,ground_truth/th/Json_72120006_en.json,True,0.15,0.75,0.535234899328859,2.851063829787234
images/augmented/th/72120006_aug4_perspective.png,augmented,th,72120006,perspective,ground_truth/th/Json_72120006_en.json,True,0.15,0.75,0.5234899328859061,2.6595744680851063
images/augmented/th/72120006_aug5_jpeg_dark.png,augmented,th,72120006,jpeg_dark,ground_truth/th/Json_72120006_en.json,True,0.15,0.75,0.48825503355704697,2.765957446808511
images/original/th/72120010.png,original,th,72120010,none,ground_truth/th/Json_72120010_en.json,True,0.125,0.75,0.6742100768573869,1.696969696969697
images/augmented/th/72120010_aug1_rotate_bright.png,augmented,th,72120010,rotate_bright,ground_truth/th/Json_72120010_en.json,True,0.1375,0.75,0.735269000853971,1.6363636363636365
images/augmented/th/72120010_aug2_noise.png,augmented,th,72120010,noise,ground_truth/th/Json_72120010_en.json,True,0.125,0.75,0.6733561058923997,1.643939393939394
images/augmented/th/72120010_aug3_blur_contrast.png,augmented,th,72120010,blur_contrast,ground_truth/th/Json_72120010_en.json,True,0.14583333333333334,0.75,0.6643894107600341,1.628787878787879
images/augmented/th/72120010_aug4_perspective.png,augmented,th,72120010,perspective,ground_truth/th/Json_72120010_en.json,True,0.1346153846153846,0.75,0.6976942783945346,1.6666666666666667
images/augmented/th/72120010_aug5_jpeg_dark.png,augmented,th,72120010,jpeg_dark,ground_truth/th/Json_72120010_en.json,True,0.13942307692307693,0.75,0.6848847139197267,1.5833333333333333
images/original/th/72120014.png,original,th,72120014,none,ground_truth/th/Json_72120014_en.json,True,0.16442307692307692,0.75,0.5161290322580645,1.668122270742358
images/augmented/th/72120014_aug1_rotate_bright.png,augmented,th,72120014,rotate_bright,ground_truth/th/Json_72120014_en.json,True,0.15,0.75,0.5454545454545454,1.5982532751091703
images/augmented/th/72120014_aug2_noise.png,augmented,th,72120014,noise,ground_truth/th/Json_72120014_en.json,True,0.15,0.75,0.5117302052785924,1.6419213973799127
images/augmented/th/72120014_aug3_blur_contrast.png,augmented,th,72120014,blur_contrast,ground_truth/th/Json_72120014_en.json,True,0.15,0.75,0.49608993157380255,1.5851528384279476
images/augmented/th/72120014_aug4_perspective.png,augmented,th,72120014,perspective,ground_truth/th/Json_72120014_en.json,True,0.14230769230769233,0.75,0.5733137829912024,1.685589519650655
images/augmented/th/72120014_aug5_jpeg_dark.png,augmented,th,72120014,jpeg_dark,ground_truth/th/Json_72120014_en.json,True,0.1548076923076923,0.75,0.4951124144672532,1.554585152838428
images/original/th/72140002.png,original,th,72140002,none,ground_truth/th/Json_72140002_en.json,True,0.15,0.75,0.48157248157248156,2.112676056338028
images/augmented/th/72140002_aug1_rotate_bright.png,augmented,th,72140002,rotate_bright,ground_truth/th/Json_72140002_en.json,True,0.15,0.75,0.47911547911547914,2.140845070422535
images/augmented/th/72140002_aug2_noise.png,augmented,th,72140002,noise,ground_truth/th/Json_72140002_en.json,True,0.15,0.75,0.48034398034398035,2.0985915492957745
images/augmented/th/72140002_aug3_blur_contrast.png,augmented,th,72140002,blur_contrast,ground_truth/th/Json_72140002_en.json,True,0.15595238095238095,0.75,0.4828009828009828,2.028169014084507
images/augmented/th/72140002_aug4_perspective.png,augmented,th,72140002,perspective,ground_truth/th/Json_72140002_en.json,True,0.15793650793650793,0.75,0.48402948402948404,2.0422535211267605
images/augmented/th/72140002_aug5_jpeg_dark.png,augmented,th,72140002,jpeg_dark,ground_truth/th/Json_72140002_en.json,True,0.15,0.75,0.47297297297297297,1.943661971830986
images/original/G/73036003.png,original,G,73036003,none,ground_truth/G/Json_73036003_th.json,True,0.8040876242095754,0.125,1.2844400396432112,1.4074074074074074
images/augmented/G/73036003_aug1_rotate_bright.png,augmented,G,73036003,rotate_bright,ground_truth/G/Json_73036003_th.json,True,0.7946364046973803,0.125,1.22398414271556,1.4907407407407407
images/augmented/G/73036003_aug2_noise.png,augmented,G,73036003,noise,ground_truth/G/Json_73036003_th.json,True,0.8071364046973803,0.125,1.309217046580773,1.4074074074074074
images/augmented/G/73036003_aug3_blur_contrast.png,augmented,G,73036003,blur_contrast,ground_truth/G/Json_73036003_th.json,True,0.7790876242095754,0.125,1.195242814667988,1.4074074074074074
images/augmented/G/73036003_aug4_perspective.png,augmented,G,73036003,perspective,ground_truth/G/Json_73036003_th.json,True,0.8071364046973803,0.125,1.22398414271556,1.537037037037037
images/augmented/G/73036003_aug5_jpeg_dark.png,augmented,G,73036003,jpeg_dark,ground_truth/G/Json_73036003_th.json,True,0.8071364046973803,0.125,1.2893954410307236,1.6759259259259258
images/original/G/73036007.png,original,G,73036007,none,ground_truth/G/Json_73036007_th.json,True,0.7946364046973803,0.125,1.2649071358748778,1.3153153153153154
images/augmented/G/73036007_aug1_rotate_bright.png,augmented,G,73036007,rotate_bright,ground_truth/G/Json_73036007_th.json,True,0.7946364046973803,0.125,1.2609970674486803,1.4234234234234233
images/augmented/G/73036007_aug2_noise.png,augmented,G,73036007,noise,ground_truth/G/Json_73036007_th.json,True,0.7946364046973803,0.125,1.2580645161290323,1.3963963963963963
images/augmented/G/73036007_aug3_blur_contrast.png,augmented,G,73036007,blur_contrast,ground_truth/G/Json_73036007_th.json,True,0.7821364046973802,0.125,1.0957966764418376,1.2522522522522523
images/augmented/G/73036007_aug4_perspective.png,augmented,G,73036007,perspective,ground_truth/G/Json_73036007_th.json,True,0.796951219512195,0.125,1.217008797653959,1.4504504504504505
images/augmented/G/73036007_aug5_jpeg_dark.png,augmented,G,73036007,jpeg_dark,ground_truth/G/Json_73036007_th.json,True,0.7915876242095754,0.125,1.2717497556207233,1.5675675675675675
images/original/G/73036011.png,original,G,73036011,none,ground_truth/G/Json_73036011_th.json,True,0.7941860465116279,0.125,1.283,1.4190476190476191
images/augmented/G/73036011_aug1_rotate_bright.png,augmented,G,73036011,rotate_bright,ground_truth/G/Json_73036011_th.json,True,0.7918712316968131,0.125,1.209,1.5047619047619047
images/augmented/G/73036011_aug2_noise.png,augmented,G,73036011,noise,ground_truth/G/Json_73036011_th.json,True,0.7918712316968131,0.125,1.268,1.4666666666666666
images/augmented/G/73036011_aug3_blur_contrast.png,augmented,G,73036011,blur_contrast,ground_truth/G/Json_73036011_th.json,True,0.804371231696813,0.125,1.145,1.361904761904762
images/augmented/G/73036011_aug4_perspective.png,augmented,G,73036011,perspective,ground_truth/G/Json_73036011_th.json,True,0.7941860465116279,0.125,1.277,1.4952380952380953
images/augmented/G/73036011_aug5_jpeg_dark.png,augmented,G,73036011,jpeg_dark,ground_truth/G/Json_73036011_th.json,True,0.7918712316968131,0.125,1.282,1.4666666666666666
images/original/G/73046003.png,original,G,73046003,none,ground_truth/G/Json_73046003_th.json,True,0.7782407407407408,0.125,1.2392996108949417,1.7894736842105263
images/augmented/G/73046003_aug1_rotate_bright.png,augmented,G,73046003,rotate_bright,ground_truth/G/Json_73046003_th.json,True,0.7828703703703703,0.125,1.2684824902723735,2.1842105263157894
images/augmented/G/73046003_aug2_noise.png,augmented,G,73046003,noise,ground_truth/G/Json_73046003_th.json,True,0.7828703703703703,0.125,1.2568093385214008,2.0
images/augmented/G/73046003_aug3_blur_contrast.png,augmented,G,73046003,blur_contrast,ground_truth/G/Json_73046003_th.json,True,0.7953703703703703,0.125,1.264591439688716,2.0789473684210527
images/augmented/G/73046003_aug4_perspective.png,augmented,G,73046003,perspective,ground_truth/G/Json_73046003_th.json,True,0.7828703703703703,0.125,1.301556420233463,2.3684210526315788
images/augmented/G/73046003_aug5_jpeg_dark.png,augmented,G,73046003,jpeg_dark,ground_truth/G/Json_73046003_th.json,True,0.7828703703703703,0.125,1.2568093385214008,2.0
images/original/G/73046007.png,original,G,73046007,none,ground_truth/G/Json_73046007_th.json,True,0.7907407407407407,0.125,1.1627689429373247,1.1703703703703703
images/augmented/G/73046007_aug1_rotate_bright.png,augmented,G,73046007,rotate_bright,ground_truth/G/Json_73046007_th.json,True,0.7782407407407408,0.125,1.137511693171188,1.3037037037037038
images/augmented/G/73046007_aug2_noise.png,augmented,G,73046007,noise,ground_truth/G/Json_73046007_th.json,True,0.7828703703703703,0.125,1.1637043966323668,1.2148148148148148
images/augmented/G/73046007_aug3_blur_contrast.png,augmented,G,73046007,blur_contrast,ground_truth/G/Json_73046007_th.json,True,0.7907407407407407,0.125,1.047708138447147,1.1407407407407408
images/augmented/G/73046007_aug4_perspective.png,augmented,G,73046007,perspective,ground_truth/G/Json_73046007_th.json,True,0.7953703703703703,0.125,1.166510757717493,1.4370370370370371
images/augmented/G/73046007_aug5_jpeg_dark.png,augmented,G,73046007,jpeg_dark,ground_truth/G/Json_73046007_th.json,True,0.7907407407407407,0.125,1.1786716557530401,1.325925925925926
images/original/G/73046011.png,original,G,73046011,none,ground_truth/G/Json_73046011_th.json,True,0.7995689655172413,0.125,1.1936475409836065,1.4948453608247423
images/augmented/G/73046011_aug1_rotate_bright.png,augmented,G,73046011,rotate_bright,ground_truth/G/Json_73046011_th.json,True,0.7913793103448276,0.125,1.1690573770491803,1.5670103092783505
images/augmented/G/73046011_aug2_noise.png,augmented,G,73046011,noise,ground_truth/G/Json_73046011_th.json,True,0.7995689655172413,0.125,1.2305327868852458,1.5257731958762886
images/augmented/G/73046011_aug3_blur_contrast.png,augmented,G,73046011,blur_contrast,ground_truth/G/Json_73046011_th.json,True,0.7913793103448276,0.125,1.1854508196721312,1.5463917525773196
images/augmented/G/73046011_aug4_perspective.png,augmented,G,73046011,perspective,ground_truth/G/Json_73046011_th.json,True,0.7995689655172413,0.125,1.2489754098360655,1.7525773195876289
images/augmented/G/73046011_aug5_jpeg_dark.png,augmented,G,73046011,jpeg_dark,ground_truth/G/Json_73046011_th.json,True,0.7745689655172414,0.125,1.2028688524590163,1.443298969072165
images/original/G/73056004.png,original,G,73056004,none,ground_truth/G/Json_73056004_th.json,True,0.819047619047619,0.125,1.6049382716049383,2.857142857142857
images/augmented/G/73056004_aug1_rotate_bright.png,augmented,G,73056004,rotate_bright,ground_truth/G/Json_73056004_th.json,True,0.7940476190476191,0.125,1.4722222222222223,3.0476190476190474
images/augmented/G/73056004_aug2_noise.png,augmented,G,73056004,noise,ground_truth/G/Json_73056004_th.json,True,0.8065476190476191,0.125,1.3950617283950617,2.4761904761904763
images/augmented/G/73056004_aug3_blur_contrast.png,augmented,G,73056004,blur_contrast,ground_truth/G/Json_73056004_th.json,True,0.819047619047619,0.125,1.3703703703703705,2.5714285714285716
images/augmented/G/73056004_aug4_perspective.png,augmented,G,73056004,perspective,ground_truth/G/Json_73056004_th.json,True,0.819047619047619,0.125,1.3796296296296295,2.8095238095238093
images/augmented/G/73056004_aug5_jpeg_dark.png,augmented,G,73056004,jpeg_dark,ground_truth/G/Json_73056004_th.json,True,0.8065476190476191,0.125,1.441358024691358,2.761904761904762
images/original/G/73056008.png,original,G,73056008,none,ground_truth/G/Json_73056008_th.json,True,0.781547619047619,0.125,1.7014134275618376,1.55
images/augmented/G/73056008_aug1_rotate_bright.png,augmented,G,73056008,rotate_bright,ground_truth/G/Json_73056008_th.json,True,0.7940476190476191,0.125,1.6219081272084805,1.6
images/augmented/G/73056008_aug2_noise.png,augmented,G,73056008,noise,ground_truth/G/Json_73056008_th.json,True,0.7940476190476191,0.125,1.6183745583038869,1.575
images/augmented/G/73056008_aug3_blur_contrast.png,augmented,G,73056008,blur_contrast,ground_truth/G/Json_73056008_th.json,True,0.7940476190476191,0.125,1.4628975265017667,1.4125
images/augmented/G/73056008_aug4_perspective.png,augmented,G,73056008,perspective,ground_truth/G/Json_73056008_th.json,True,0.7940476190476191,0.125,1.5936395759717314,1.6625
images/augmented/G/73056008_aug5_jpeg_dark.png,augmented,G,73056008,jpeg_dark,ground_truth/G/Json_73056008_th.json,True,0.781547619047619,0.125,1.6395759717314489,1.65
images/original/G/73056012.png,original,G,73056012,none,ground_truth/G/Json_73056012_th.json,True,0.7891304347826087,0.125,1.3751651254953765,1.2959183673469388
images/augmented/G/73056012_aug1_rotate_bright.png,augmented,G,73056012,rotate_bright,ground_truth/G/Json_73056012_th.json,True,0.8016304347826086,0.125,1.3276089828269484,1.4387755102040816
images/augmented/G/73056012_aug2_noise.png,augmented,G,73056012,noise,ground_truth/G/Json_73056012_th.json,True,0.7891304347826087,0.125,1.3368560105680316,1.316326530612245
images/augmented/G/73056012_aug3_blur_contrast.png,augmented,G,73056012,blur_contrast,ground_truth/G/Json_73056012_th.json,True,0.8016304347826086,0.125,1.2826948480845441,1.183673469387755
images/augmented/G/73056012_aug4_perspective.png,augmented,G,73056012,perspective,ground_truth/G/Json_73056012_th.json,True,0.7891304347826087,0.125,1.3461030383091148,1.336734693877551
images/augmented/G/73056012_aug5_jpeg_dark.png,augmented,G,73056012,jpeg_dark,ground_truth/G/Json_73056012_th.json,True,0.7641304347826088,0.125,1.3302509907529723,1.3571428571428572
images/original/G/73066003.png,original,G,73066003,none,ground_truth/G/Json_73066003_th.json,True,0.7791216216216216,0.125,1.2510204081632652,1.7619047619047619
images/augmented/G/73066003_aug1_rotate_bright.png,augmented,G,73066003,rotate_bright,ground_truth/G/Json_73066003_th.json,True,0.7825,0.125,1.279591836734694,2.142857142857143
images/augmented/G/73066003_aug2_noise.png,augmented,G,73066003,noise,ground_truth/G/Json_73066003_th.json,True,0.7916216216216216,0.125,1.3857142857142857,2.119047619047619
images/augmented/G/73066003_aug3_blur_contrast.png,augmented,G,73066003,blur_contrast,ground_truth/G/Json_73066003_th.json,True,0.7916216216216216,0.125,1.189795918367347,1.8095238095238095
images/augmented/G/73066003_aug4_perspective.png,augmented,G,73066003,perspective,ground_truth/G/Json_73066003_th.json,True,0.7791216216216216,0.125,1.2020408163265306,1.8095238095238095
images/augmented/G/73066003_aug5_jpeg_dark.png,augmented,G,73066003,jpeg_dark,ground_truth/G/Json_73066003_th.json,True,0.7791216216216216,0.125,1.2489795918367348,1.8571428571428572
images/original/G/73066006.png,original,G,73066006,none,ground_truth/G/Json_73066006_th.json,True,0.7949999999999999,0.125,1.1424581005586592,1.3333333333333333
images/augmented/G/73066006_aug1_rotate_bright.png,augmented,G,73066006,rotate_bright,ground_truth/G/Json_73066006_th.json,True,0.7825,0.125,1.1610800744878957,1.376068376068376
images/augmented/G/73066006_aug2_noise.png,augmented,G,73066006,noise,ground_truth/G/Json_73066006_th.json,True,0.7949999999999999,0.125,1.2216014897579144,1.3247863247863247
images/augmented/G/73066006_aug3_blur_contrast.png,augmented,G,73066006,blur_contrast,ground_truth/G/Json_73066006_th.json,True,0.7825,0.125,1.0754189944134078,1.4786324786324787
images/augmented/G/73066006_aug4_perspective.png,augmented,G,73066006,perspective,ground_truth/G/Json_73066006_th.json,True,0.7949999999999999,0.125,1.2094972067039107,1.6495726495726495
images/augmented/G/73066006_aug5_jpeg_dark.png,augmented,G,73066006,jpeg_dark,ground_truth/G/Json_73066006_th.json,True,0.7949999999999999,0.125,1.1973929236499068,1.3247863247863247
images/original/G/73066010.png,original,G,73066010,none,ground_truth/G/Json_73066010_th.json,True,0.7861111111111111,0.125,1.1552210724365004,1.3508771929824561
images/augmented/G/73066010_aug1_rotate_bright.png,augmented,G,73066010,rotate_bright,ground_truth/G/Json_73066010_th.json,True,0.7861111111111111,0.125,1.180620884289746,1.394736842105263
images/augmented/G/73066010_aug2_noise.png,augmented,G,73066010,noise,ground_truth/G/Json_73066010_th.json,True,0.773611111111111,0.125,1.2380056444026342,1.3859649122807018
images/augmented/G/73066010_aug3_blur_contrast.png,augmented,G,73066010,blur_contrast,ground_truth/G/Json_73066010_th.json,True,0.7907407407407407,0.125,1.0291627469426152,1.1754385964912282
images/augmented/G/73066010_aug4_perspective.png,augmented,G,73066010,perspective,ground_truth/G/Json_73066010_th.json,True,0.7907407407407407,0.125,1.1777986829727187,1.3859649122807018
images/augmented/G/73066010_aug5_jpeg_dark.png,augmented,G,73066010,jpeg_dark,ground_truth/G/Json_73066010_th.json,True,0.773611111111111,0.125,1.1890874882408278,1.3596491228070176
images/original/G/74106005.png,original,G,74106005,none,ground_truth/G/Json_74106005_en.json,True,0.1375,0.75,0.5614457831325301,1.9047619047619047
images/augmented/G/74106005_aug1_rotate_bright.png,augmented,G,74106005,rotate_bright,ground_truth/G/Json_74106005_en.json,True,0.1375,0.75,0.6650602409638554,1.8666666666666667
images/augmented/G/74106005_aug2_noise.png,augmented,G,74106005,noise,ground_truth/G/Json_74106005_en.json,True,0.1375,0.75,0.6325301204819277,1.980952380952381
images/augmented/G/74106005_aug3_blur_contrast.png,augmented,G,74106005,blur_contrast,ground_truth/G/Json_74106005_en.json,True,0.14305555555555557,0.75,0.5518072289156627,1.7523809523809524
images/augmented/G/74106005_aug4_perspective.png,augmented,G,74106005,perspective,ground_truth/G/Json_74106005_en.json,True,0.14027777777777778,0.75,0.6253012048192771,1.8285714285714285
images/augmented/G/74106005_aug5_jpeg_dark.png,augmented,G,74106005,jpeg_dark,ground_truth/G/Json_74106005_en.json,True,0.1375,0.75,0.6132530120481928,1.7333333333333334
images/original/G/74106009.png,original,G,74106009,none,ground_truth/G/Json_74106009_en.json,True,0.1375,0.75,0.592020592020592,2.172043010752688
images/augmented/G/74106009_aug1_rotate_bright.png,augmented,G,74106009,rotate_bright,ground_truth/G/Json_74106009_en.json,True,0.1375,0.75,0.6267696267696268,2.172043010752688
images/augmented/G/74106009_aug2_noise.png,augmented,G,74106009,noise,ground_truth/G/Json_74106009_en.json,True,0.1375,0.75,0.6332046332046332,2.150537634408602
images/augmented/G/74106009_aug3_blur_contrast.png,augmented,G,74106009,blur_contrast,ground_truth/G/Json_74106009_en.json,True,0.1375,0.75,0.5585585585585585,1.956989247311828
images/augmented/G/74106009_aug4_perspective.png,augmented,G,74106009,perspective,ground_truth/G/Json_74106009_en.json,True,0.1375,0.75,0.5482625482625483,1.967741935483871
images/augmented/G/74106009_aug5_jpeg_dark.png,augmented,G,74106009,jpeg_dark,ground_truth/G/Json_74106009_en.json,True,0.1375,0.75,0.5482625482625483,1.881720430107527
images/original/G/74116006.png,original,G,74116006,none,ground_truth/G/Json_74116006_en.json,True,0.1375,0.75,0.7453416149068323,2.3209876543209877
images/augmented/G/74116006_aug1_rotate_bright.png,augmented,G,74116006,rotate_bright,ground_truth/G/Json_74116006_en.json,True,0.1375,0.75,0.6133540372670807,1.8024691358024691
images/augmented/G/74116006_aug2_noise.png,augmented,G,74116006,noise,ground_truth/G/Json_74116006_en.json,True,0.1375,0.75,0.7686335403726708,2.197530864197531
images/augmented/G/74116006_aug3_blur_contrast.png,augmented,G,74116006,blur_contrast,ground_truth/G/Json_74116006_en.json,True,0.1375,0.75,0.7018633540372671,2.049382716049383
images/augmented/G/74116006_aug4_perspective.png,augmented,G,74116006,perspective,ground_truth/G/Json_74116006_en.json,True,0.1375,0.75,0.7127329192546584,2.111111111111111
images/augmented/G/74116006_aug5_jpeg_dark.png,augmented,G,74116006,jpeg_dark,ground_truth/G/Json_74116006_en.json,True,0.1375,0.75,0.7375776397515528,2.0123456790123457
images/original/G/74116010.png,original,G,74116010,none,ground_truth/G/Json_74116010_en.json,True,0.12771739130434784,0.75,0.7547169811320755,2.7301587301587302
images/augmented/G/74116010_aug1_rotate_bright.png,augmented,G,74116010,rotate_bright,ground_truth/G/Json_74116010_en.json,True,0.125,0.75,0.7718696397941681,2.6507936507936507
images/augmented/G/74116010_aug2_noise.png,augmented,G,74116010,noise,ground_truth/G/Json_74116010_en.json,True,0.12771739130434784,0.75,0.8027444253859348,2.6507936507936507
images/augmented/G/74116010_aug3_blur_contrast.png,augmented,G,74116010,blur_contrast,ground_truth/G/Json_74116010_en.json,True,0.12771739130434784,0.75,0.6209262435677531,2.3015873015873014
images/augmented/G/74116010_aug4_perspective.png,augmented,G,74116010,perspective,ground_truth/G/Json_74116010_en.json,True,0.125,0.75,0.7358490566037735,2.3015873015873014
images/augmented/G/74116010_aug5_jpeg_dark.png,augmented,G,74116010,jpeg_dark,ground_truth/G/Json_74116010_en.json,True,0.12771739130434784,0.75,0.7615780445969125,2.380952380952381
images/original/G/74126003.png,original,G,74126003,none,ground_truth/G/Json_74126003_en.json,True,0.1375,0.75,0.512853470437018,2.772727272727273
images/augmented/G/74126003_aug1_rotate_bright.png,augmented,G,74126003,rotate_bright,ground_truth/G/Json_74126003_en.json,True,0.15,0.75,0.4948586118251928,2.393939393939394
images/augmented/G/74126003_aug2_noise.png,augmented,G,74126003,noise,ground_truth/G/Json_74126003_en.json,True,0.1375,0.75,0.5372750642673522,2.5606060606060606
images/augmented/G/74126003_aug3_blur_contrast.png,augmented,G,74126003,blur_contrast,ground_truth/G/Json_74126003_en.json,True,0.1453125,0.75,0.480719794344473,2.4545454545454546
images/augmented/G/74126003_aug4_perspective.png,augmented,G,74126003,perspective,ground_truth/G/Json_74126003_en.json,True,0.1375,0.75,0.5334190231362468,2.621212121212121
images/augmented/G/74126003_aug5_jpeg_dark.png,augmented,G,74126003,jpeg_dark,ground_truth/G/Json_74126003_en.json,True,0.1375,0.75,0.5,2.409090909090909
images/original/G/74126007.png,original,G,74126007,none,ground_truth/G/Json_74126007_en.json,True,0.125,0.75,0.4937106918238994,1.8067226890756303
images/augmented/G/74126007_aug1_rotate_bright.png,augmented,G,74126007,rotate_bright,ground_truth/G/Json_74126007_en.json,True,0.125,0.75,0.5408805031446541,1.6470588235294117
images/augmented/G/74126007_aug2_noise.png,augmented,G,74126007,noise,ground_truth/G/Json_74126007_en.json,True,0.125,0.75,0.5419287211740041,1.865546218487395
images/augmented/G/74126007_aug3_blur_contrast.png,augmented,G,74126007,blur_contrast,ground_truth/G/Json_74126007_en.json,True,0.125,0.75,0.46226415094339623,1.588235294117647
images/augmented/G/74126007_aug4_perspective.png,augmented,G,74126007,perspective,ground_truth/G/Json_74126007_en.json,True,0.125,0.75,0.5513626834381551,1.6050420168067228
images/augmented/G/74126007_aug5_jpeg_dark.png,augmented,G,74126007,jpeg_dark,ground_truth/G/Json_74126007_en.json,True,0.125,0.75,0.5241090146750524,1.73109243697479
images/original/G/74126011.png,original,G,74126011,none,ground_truth/G/Json_74126011_en.json,True,0.14852941176470588,0.75,0.5153933865450399,2.1847826086956523
images/augmented/G/74126011_aug1_rotate_bright.png,augmented,G,74126011,rotate_bright,ground_truth/G/Json_74126011_en.json,True,0.1448529411764706,0.75,0.6408209806157354,2.2282608695652173
images/augmented/G/74126011_aug2_noise.png,augmented,G,74126011,noise,ground_truth/G/Json_74126011_en.json,True,0.14852941176470588,0.75,0.5370581527936146,2.0652173913043477
images/augmented/G/74126011_aug3_blur_contrast.png,augmented,G,74126011,blur_contrast,ground_truth/G/Json_74126011_en.json,True,0.14852941176470588,0.75,0.5267958950969214,2.2065217391304346
images/augmented/G/74126011_aug4_perspective.png,augmented,G,74126011,perspective,ground_truth/G/Json_74126011_en.json,True,0.14852941176470588,0.75,0.508551881413911,1.9891304347826086
images/augmented/G/74126011_aug5_jpeg_dark.png,augmented,G,74126011,jpeg_dark,ground_truth/G/Json_74126011_en.json,True,0.1411764705882353,0.75,0.5575826681870011,2.010869565217391
images/original/G/74156004.png,original,G,74156004,none,ground_truth/G/Json_74156004_en.json,True,0.125,0.75,0.4627862595419847,2.0526315789473686
images/augmented/G/74156004_aug1_rotate_bright.png,augmented,G,74156004,rotate_bright,ground_truth/G/Json_74156004_en.json,True,0.125,0.75,0.4770992366412214,1.9736842105263157
images/augmented/G/74156004_aug2_noise.png,augmented,G,74156004,noise,ground_truth/G/Json_74156004_en.json,True,0.125,0.75,0.5019083969465649,1.9912280701754386
images/augmented/G/74156004_aug3_blur_contrast.png,augmented,G,74156004,blur_contrast,ground_truth/G/Json_74156004_en.json,True,0.125,0.75,0.43702290076335876,1.8596491228070176
images/augmented/G/74156004_aug4_perspective.png,augmented,G,74156004,perspective,ground_truth/G/Json_74156004_en.json,True,0.125,0.75,0.4866412213740458,1.956140350877193
images/augmented/G/74156004_aug5_jpeg_dark.png,augmented,G,74156004,jpeg_dark,ground_truth/G/Json_74156004_en.json,True,0.125,0.75,0.4351145038167939,1.912280701754386
images/original/G/74156007.png,original,G,74156007,none,ground_truth/G/Json_74156007_en.json,True,0.15,0.75,0.4921104536489152,2.150943396226415
images/augmented/G/74156007_aug1_rotate_bright.png,augmented,G,74156007,rotate_bright,ground_truth/G/Json_74156007_en.json,True,0.15,0.75,0.5167652859960552,2.0283018867924527
images/augmented/G/74156007_aug2_noise.png,augmented,G,74156007,noise,ground_truth/G/Json_74156007_en.json,True,0.15,0.75,0.5443786982248521,2.2264150943396226
images/augmented/G/74156007_aug3_blur_contrast.png,augmented,G,74156007,blur_contrast,ground_truth/G/Json_74156007_en.json,True,0.15,0.75,0.4467455621301775,1.9056603773584906
images/augmented/G/74156007_aug4_perspective.png,augmented,G,74156007,perspective,ground_truth/G/Json_74156007_en.json,True,0.15,0.75,0.5424063116370809,2.1037735849056602
images/augmented/G/74156007_aug5_jpeg_dark.png,augmented,G,74156007,jpeg_dark,ground_truth/G/Json_74156007_en.json,True,0.15,0.75,0.5157790927021696,2.0
images/original/G/74166001.png,original,G,74166001,none,ground_truth/G/Json_74166001_en.json,True,0.13095238095238096,0.75,0.5213004484304933,1.8727272727272728
images/augmented/G/74166001_aug1_rotate_bright.png,augmented,G,74166001,rotate_bright,ground_truth/G/Json_74166001_en.json,True,0.13690476190476192,0.75,0.5683856502242153,1.8727272727272728
images/augmented/G/74166001_aug2_noise.png,augmented,G,74166001,noise,ground_truth/G/Json_74166001_en.json,True,0.13095238095238096,0.75,0.5863228699551569,1.9181818181818182
images/augmented/G/74166001_aug3_blur_contrast.png,augmented,G,74166001,blur_contrast,ground_truth/G/Json_74166001_en.json,True,0.14285714285714285,0.75,0.5168161434977578,1.8454545454545455
images/augmented/G/74166001_aug4_perspective.png,augmented,G,74166001,perspective,ground_truth/G/Json_74166001_en.json,True,0.13690476190476192,0.75,0.624439461883408,1.8
images/augmented/G/74166001_aug5_jpeg_dark.png,augmented,G,74166001,jpeg_dark,ground_truth/G/Json_74166001_en.json,True,0.13690476190476192,0.75,0.5213004484304933,1.7818181818181817
images/original/G/74176002.png,original,G,74176002,none,ground_truth/G/Json_74176002_en.json,True,0.125,0.75,0.5918097754293263,2.5974025974025974
images/augmented/G/74176002_aug1_rotate_bright.png,augmented,G,74176002,rotate_bright,ground_truth/G/Json_74176002_en.json,True,0.125,0.75,0.5217965653896962,2.051948051948052
images/augmented/G/74176002_aug2_noise.png,augmented,G,74176002,noise,ground_truth/G/Json_74176002_en.json,True,0.125,0.75,0.5904887714663144,2.4155844155844157
images/augmented/G/74176002_aug3_blur_contrast.png,augmented,G,74176002,blur_contrast,ground_truth/G/Json_74176002_en.json,True,0.125,0.75,0.45310435931307796,2.064935064935065
images/augmented/G/74176002_aug4_perspective.png,augmented,G,74176002,perspective,ground_truth/G/Json_74176002_en.json,True,0.14361702127659576,0.75,0.6486129458388376,2.3896103896103895
images/augmented/G/74176002_aug5_jpeg_dark.png,augmented,G,74176002,jpeg_dark,ground_truth/G/Json_74176002_en.json,True,0.125,0.75,0.4346103038309115,2.0
